atomic number,element,element name,major isotope,isotope,atomic mass,mass,mass uncertainty,mass source year,mass source,abundance,abundance low,abundance high,abundance uncertainty,abundance kind,abundance source,standard,notes
1,H,hydrogen,1H,1H,1,1.007825031898,1.4e-11,2020,AME2020,0.99984426,0.99972,0.99999,,interval,CIAAW 2024,CIAAW 2024,m
1,H,hydrogen,1H,2H,2,2.014101777844,1.5e-11,2020,AME2020,0.00015574,1e-05,0.00028,,interval,CIAAW 2024,CIAAW 2024,
2,He,helium,4He,3He,3,3.01602932197,6e-11,2020,AME2020,2e-06,,,2e-06,value,CIAAW 2024,CIAAW 2024,g r
2,He,helium,4He,4He,4,4.00260325413,1.6e-10,2020,AME2020,0.999998,,,2e-06,value,CIAAW 2024,CIAAW 2024,
3,Li,lithium,7Li,6Li,6,6.01512288742,1.55e-09,2020,AME2020,0.07589,0.019,0.078,,interval,CIAAW 2024,CIAAW 2024,m
3,Li,lithium,7Li,7Li,7,7.01600343426,4.5e-09,2020,AME2020,0.92411,0.922,0.981,,interval,CIAAW 2024,CIAAW 2024,
4,Be,beryllium,9Be,9Be,9,9.012183062,8.2e-08,2020,AME2020,1.0,1.0,1.0,0.0,exact,CIAAW 2024,CIAAW 2024,
5,B,boron,11B,10B,10,10.012936862,1.6e-08,2020,AME2020,0.1982,0.189,0.204,,interval,CIAAW 2024,CIAAW 2024,m
5,B,boron,11B,11B,11,11.009305166,1.3e-08,2020,AME2020,0.8018,0.796,0.811,,interval,CIAAW 2024,CIAAW 2024,
6,C,carbon,12C,12C,12,12.0,0.0,2020,AME2020,0.988922,0.9884,0.9904,,interval,CIAAW 2024,CIAAW 2024,
6,C,carbon,12C,13C,13,13.00335483534,2.5e-10,2020,AME2020,0.011078,0.0096,0.0116,,interval,CIAAW 2024,CIAAW 2024,
7,N,nitrogen,14N,14N,14,14.00307400425,2.4e-10,2020,AME2020,0.996337,0.99578,0.99663,,interval,CIAAW 2024,CIAAW 2024,
7,N,nitrogen,14N,15N,15,15.00010889827,6.2e-10,2020,AME2020,0.003663,0.00337,0.00422,,interval,CIAAW 2024,CIAAW 2024,
8,O,oxygen,16O,16O,16,15.99491461926,3.2e-10,2020,AME2020,0.9976206,0.99738,0.99776,,interval,CIAAW 2024,CIAAW 2024,
8,O,oxygen,16O,17O,17,16.99913175595,6.9e-10,2020,AME2020,0.000379,0.000367,0.0004,,interval,CIAAW 2024,CIAAW 2024,
8,O,oxygen,16O,18O,18,17.99915961214,6.9e-10,2020,AME2020,0.0020004,0.00187,0.00222,,interval,CIAAW 2024,CIAAW 2024,
9,F,fluorine,19F,19F,19,18.99840316207,8.8e-10,2020,AME2020,1.0,1.0,1.0,0.0,exact,CIAAW 2024,CIAAW 2024,
10,Ne,neon,20Ne,20Ne,20,19.99244017525,1.65e-09,2020,AME2020,0.9048,,,0.00030000000000000003,value,CIAAW 2024,CIAAW 2024,g m
10,Ne,neon,20Ne,21Ne,21,20.993846685,4.1e-08,2020,AME2020,0.0027,,,0.0001,value,CIAAW 2024,CIAAW 2024,
10,Ne,neon,20Ne,22Ne,22,21.991385113,1.8e-08,2020,AME2020,0.0925,,,0.00030000000000000003,value,CIAAW 2024,CIAAW 2024,
11,Na,sodium,23Na,23Na,23,22.98976928195,1.94e-09,2020,AME2020,1.0,1.0,1.0,0.0,exact,CIAAW 2024,CIAAW 2024,
12,Mg,magnesium,24Mg,24Mg,24,23.985041689,1.3e-08,2020,AME2020,0.78951,0.7888,0.7905,,interval,CIAAW 2024,CIAAW 2024,
12,Mg,magnesium,24Mg,25Mg,25,24.985836966,5e-08,2020,AME2020,0.1002,0.09988,0.10034,,interval,CIAAW 2024,CIAAW 2024,
12,Mg,magnesium,24Mg,26Mg,26,25.982592972,3.1e-08,2020,AME2020,0.11029,0.1096,0.1109,,interval,CIAAW 2024,CIAAW 2024,
13,Al,aluminium,27Al,27Al,27,26.981538408,5e-08,2020,AME2020,1.0,1.0,1.0,0.0,exact,CIAAW 2024,CIAAW 2024,
14,Si,silicon,28Si,28Si,28,27.97692653442,5.5e-10,2020,AME2020,0.9222968000000001,0.92191,0.92318,,interval,CIAAW 2024,CIAAW 2024,
14,Si,silicon,28Si,29Si,29,28.97649466434,6e-10,2020,AME2020,0.046831599999999904,0.04645,0.04699,,interval,CIAAW 2024,CIAAW 2024,
14,Si,silicon,28Si,30Si,30,29.973770137,2.3e-08,2020,AME2020,0.030871600000000003,0.03037,0.0311,,interval,CIAAW 2024,CIAAW 2024,
15,P,phosphorus,31P,31P,31,30.97376199768,8e-10,2020,AME2020,1.0,1.0,1.0,0.0,exact,CIAAW 2024,CIAAW 2024,
16,S,sulfur,32S,32S,32,31.97207117354,1.41e-09,2020,AME2020,0.9504074,0.9441,0.9529,,interval,CIAAW 2024,CIAAW 2024,
16,S,sulfur,32S,33S,33,32.97145890862,1.44e-09,2020,AME2020,0.0074869,0.00729,0.00797,,interval,CIAAW 2024,CIAAW 2024,
16,S,sulfur,32S,34S,34,33.967867011,4.7e-08,2020,AME2020,0.0419599,0.0396,0.0477,,interval,CIAAW 2024,CIAAW 2024,
16,S,sulfur,32S,36S,36,35.967080692,2.01e-07,2020,AME2020,0.0001458,0.000129,0.000187,,interval,CIAAW 2024,CIAAW 2024,
17,Cl,chlorine,35Cl,35Cl,35,34.968852694,3.8e-08,2020,AME2020,0.7576470000000001,0.755,0.761,,interval,CIAAW 2024,CIAAW 2024,m
17,Cl,chlorine,35Cl,37Cl,37,36.965902573,5.5e-08,2020,AME2020,0.242353,0.239,0.245,,interval,CIAAW 2024,CIAAW 2024,
18,Ar,argon,40Ar,36Ar,36,35.967545106,2.8e-08,2020,AME2020,0.0033361000000000003,0.0,0.0207,,interval,CIAAW 2024,CIAAW 2024,g r
18,Ar,argon,40Ar,38Ar,38,37.962732102,2.09e-07,2020,AME2020,0.0006288999999999001,0.0,0.043,,interval,CIAAW 2024,CIAAW 2024,
18,Ar,argon,40Ar,40Ar,40,39.96238312204,2.34e-09,2020,AME2020,0.9960350000000001,0.936,1.0,,interval,CIAAW 2024,CIAAW 2024,
19,K,potassium,39K,39K,39,38.96370648482,4.89e-09,2020,AME2020,0.932581,,,4.4e-05,value,CIAAW 2024,CIAAW 2024,
19,K,potassium,39K,40K,40,39.963998165,6e-08,2020,AME2020,0.000117,,,1e-06,value,CIAAW 2024,CIAAW 2024,
19,K,potassium,39K,41K,41,40.96182525611,4.03e-09,2020,AME2020,0.067302,,,4.4e-05,value,CIAAW 2024,CIAAW 2024,
20,Ca,calcium,40Ca,40Ca,40,39.96259085,2.2e-08,2020,AME2020,0.96941,,,0.0015600000000000002,value,CIAAW 2024,CIAAW 2024,g
20,Ca,calcium,40Ca,42Ca,42,41.95861778,1.59e-07,2020,AME2020,0.00647,,,0.00023,value,CIAAW 2024,CIAAW 2024,
20,Ca,calcium,40Ca,43Ca,43,42.958766381,2.44e-07,2020,AME2020,0.00135,,,0.0001,value,CIAAW 2024,CIAAW 2024,
20,Ca,calcium,40Ca,44Ca,44,43.955481489,3.48e-07,2020,AME2020,0.02086,,,0.0011,value,CIAAW 2024,CIAAW 2024,
20,Ca,calcium,40Ca,46Ca,46,45.953687726,2.398e-06,2020,AME2020,4e-05,,,3.0000000000000004e-05,value,CIAAW 2024,CIAAW 2024,
20,Ca,calcium,40Ca,48Ca,48,47.952522654,1.8e-08,2020,AME2020,0.00187,,,0.00021,value,CIAAW 2024,CIAAW 2024,
21,Sc,scandium,45Sc,45Sc,45,44.955907051,7.12e-07,2020,AME2020,1.0,1.0,1.0,0.0,exact,CIAAW 2024,CIAAW 2024,
22,Ti,titanium,48Ti,46Ti,46,45.952626356,9.7e-08,2020,AME2020,0.08250000000000002,,,0.00030000000000000003,value,CIAAW 2024,CIAAW 2024,
22,Ti,titanium,48Ti,47Ti,47,46.951757491,8.5e-08,2020,AME2020,0.07440000000000001,,,0.0002,value,CIAAW 2024,CIAAW 2024,
22,Ti,titanium,48Ti,48Ti,48,47.947940677,7.9e-08,2020,AME2020,0.7372000000000001,,,0.00030000000000000003,value,CIAAW 2024,CIAAW 2024,
22,Ti,titanium,48Ti,49Ti,49,48.947864391,8.4e-08,2020,AME2020,0.05410000000000001,,,0.0002,value,CIAAW 2024,CIAAW 2024,
22,Ti,titanium,48Ti,50Ti,50,49.944785622,8.8e-08,2020,AME2020,0.051800000000000006,,,0.0002,value,CIAAW 2024,CIAAW 2024,
23,V,vanadium,51V,50V,50,49.947156681,9.9e-08,2020,AME2020,0.0025,,,0.0001,value,CIAAW 2024,CIAAW 2024,
23,V,vanadium,51V,51V,51,50.943957664,1.04e-07,2020,AME2020,0.9975,,,0.0001,value,CIAAW 2024,CIAAW 2024,
24,Cr,chromium,52Cr,50Cr,50,49.946042209,1e-07,2020,AME2020,0.04345,,,0.00013000000000000002,value,CIAAW 2024,CIAAW 2024,
24,Cr,chromium,52Cr,52Cr,52,51.940504714,1.2e-07,2020,AME2020,0.83789,,,0.00018,value,CIAAW 2024,CIAAW 2024,
24,Cr,chromium,52Cr,53Cr,53,52.940646304,1.24e-07,2020,AME2020,0.09501,,,0.00017,value,CIAAW 2024,CIAAW 2024,
24,Cr,chromium,52Cr,54Cr,54,53.938877359,1.42e-07,2020,AME2020,0.02365,,,7.000000000000001e-05,value,CIAAW 2024,CIAAW 2024,
25,Mn,manganese,55Mn,55Mn,55,54.93804304,2.79e-07,2020,AME2020,1.0,1.0,1.0,0.0,exact,CIAAW 2024,CIAAW 2024,
26,Fe,iron,56Fe,54Fe,54,53.939608189,3.68e-07,2020,AME2020,0.05845,,,0.0010500000000000002,value,CIAAW 2024,CIAAW 2024,
26,Fe,iron,56Fe,56Fe,56,55.934935537,2.87e-07,2020,AME2020,0.91754,,,0.0010600000000000002,value,CIAAW 2024,CIAAW 2024,
26,Fe,iron,56Fe,57Fe,57,56.93539195,2.87e-07,2020,AME2020,0.02119,,,0.00029,value,CIAAW 2024,CIAAW 2024,
26,Fe,iron,56Fe,58Fe,58,57.933273575,3.39e-07,2020,AME2020,0.00282,,,0.00012000000000000002,value,CIAAW 2024,CIAAW 2024,
27,Co,cobalt,59Co,59Co,59,58.933193524,4.26e-07,2020,AME2020,1.0,1.0,1.0,0.0,exact,CIAAW 2024,CIAAW 2024,
28,Ni,nickel,58Ni,58Ni,58,57.93534165,3.74e-07,2020,AME2020,0.680769,,,0.00018999999999999998,value,CIAAW 2024,CIAAW 2024,r
28,Ni,nickel,58Ni,60Ni,60,59.930785129,3.78e-07,2020,AME2020,0.262231,,,0.00015,value,CIAAW 2024,CIAAW 2024,
28,Ni,nickel,58Ni,61Ni,61,60.931054819,3.81e-07,2020,AME2020,0.011399,,,1.3e-05,value,CIAAW 2024,CIAAW 2024,
28,Ni,nickel,58Ni,62Ni,62,61.928344753,4.55e-07,2020,AME2020,0.036345,,,3.9999999999999996e-05,value,CIAAW 2024,CIAAW 2024,
28,Ni,nickel,58Ni,64Ni,64,63.927966228,4.97e-07,2020,AME2020,0.009256,,,1.8999999999999998e-05,value,CIAAW 2024,CIAAW 2024,
29,Cu,copper,63Cu,63Cu,63,62.929597119,4.57e-07,2020,AME2020,0.6915,,,0.0015,value,CIAAW 2024,CIAAW 2024,r
29,Cu,copper,63Cu,65Cu,65,64.927789476,6.9e-07,2020,AME2020,0.3085,,,0.0015,value,CIAAW 2024,CIAAW 2024,
30,Zn,zinc,64Zn,64Zn,64,63.929141776,6.9e-07,2020,AME2020,0.4917,,,0.007500000000000001,value,CIAAW 2024,CIAAW 2024,r
30,Zn,zinc,64Zn,66Zn,66,65.926033639,7.98e-07,2020,AME2020,0.2773,,,0.0098,value,CIAAW 2024,CIAAW 2024,
30,Zn,zinc,64Zn,67Zn,67,66.927127422,8.1e-07,2020,AME2020,0.0404,,,0.0016,value,CIAAW 2024,CIAAW 2024,
30,Zn,zinc,64Zn,68Zn,68,67.924844232,8.35e-07,2020,AME2020,0.1845,,,0.0063,value,CIAAW 2024,CIAAW 2024,
30,Zn,zinc,64Zn,70Zn,70,69.925319175,2.058e-06,2020,AME2020,0.0061,,,0.001,value,CIAAW 2024,CIAAW 2024,
31,Ga,gallium,69Ga,69Ga,69,68.925573528,1.285e-06,2020,AME2020,0.60108,,,0.0005,value,CIAAW 2024,CIAAW 2024,
31,Ga,gallium,69Ga,71Ga,71,70.924702554,8.7e-07,2020,AME2020,0.39892,,,0.0005,value,CIAAW 2024,CIAAW 2024,
32,Ge,germanium,74Ge,70Ge,70,69.924248542,8.8e-07,2020,AME2020,0.2052,,,0.0019,value,CIAAW 2024,CIAAW 2024,
32,Ge,germanium,74Ge,72Ge,72,71.922075824,8.1e-08,2020,AME2020,0.2745,,,0.0015,value,CIAAW 2024,CIAAW 2024,
32,Ge,germanium,74Ge,73Ge,73,72.923458954,6.1e-08,2020,AME2020,0.0776,,,0.0008,value,CIAAW 2024,CIAAW 2024,
32,Ge,germanium,74Ge,74Ge,74,73.92117776,1.3e-08,2020,AME2020,0.3652,,,0.0012000000000000001,value,CIAAW 2024,CIAAW 2024,
32,Ge,germanium,74Ge,76Ge,76,75.921402725,1.9e-08,2020,AME2020,0.0775,,,0.0012000000000000001,value,CIAAW 2024,CIAAW 2024,
33,As,arsenic,75As,75As,75,74.921594562,9.48e-07,2020,AME2020,1.0,1.0,1.0,0.0,exact,CIAAW 2024,CIAAW 2024,
34,Se,selenium,80Se,74Se,74,73.922475933,1.5e-08,2020,AME2020,0.0086,,,0.00030000000000000003,value,CIAAW 2024,CIAAW 2024,r
34,Se,selenium,80Se,76Se,76,75.919213702,1.7e-08,2020,AME2020,0.0923,,,0.0007,value,CIAAW 2024,CIAAW 2024,
34,Se,selenium,80Se,77Se,77,76.91991415,6.7e-08,2020,AME2020,0.076,,,0.0007,value,CIAAW 2024,CIAAW 2024,
34,Se,selenium,80Se,78Se,78,77.917309244,1.91e-07,2020,AME2020,0.2369,,,0.0022,value,CIAAW 2024,CIAAW 2024,
34,Se,selenium,80Se,80Se,80,79.916521761,1.016e-06,2020,AME2020,0.498,,,0.0036000000000000003,value,CIAAW 2024,CIAAW 2024,
34,Se,selenium,80Se,82Se,82,81.916699531,5e-07,2020,AME2020,0.0882,,,0.0015,value,CIAAW 2024,CIAAW 2024,
35,Br,bromine,79Br,79Br,79,78.918337574,1.074e-06,2020,AME2020,0.5068600000000001,0.505,0.508,,interval,CIAAW 2024,CIAAW 2024,
35,Br,bromine,79Br,81Br,81,80.916288197,1.049e-06,2020,AME2020,0.4931399999999999,0.492,0.495,,interval,CIAAW 2024,CIAAW 2024,
36,Kr,krypton,84Kr,78Kr,78,77.920366341,3.29e-07,2020,AME2020,0.00355,,,3.0000000000000004e-05,value,CIAAW 2024,CIAAW 2024,g m
36,Kr,krypton,84Kr,80Kr,80,79.91637794,7.45e-07,2020,AME2020,0.02286,,,0.0001,value,CIAAW 2024,CIAAW 2024,
36,Kr,krypton,84Kr,82Kr,82,81.91348115368,5.91e-09,2020,AME2020,0.11593,,,0.00031,value,CIAAW 2024,CIAAW 2024,
36,Kr,krypton,84Kr,83Kr,83,82.914126516,9e-09,2020,AME2020,0.115,,,0.00019,value,CIAAW 2024,CIAAW 2024,
36,Kr,krypton,84Kr,84Kr,84,83.91149772708,4.1e-09,2020,AME2020,0.56987,,,0.00015000000000000001,value,CIAAW 2024,CIAAW 2024,
36,Kr,krypton,84Kr,86Kr,86,85.91061062468,3.99e-09,2020,AME2020,0.17279,,,0.00041000000000000005,value,CIAAW 2024,CIAAW 2024,
37,Rb,rubidium,85Rb,85Rb,85,84.91178973604,5.37e-09,2020,AME2020,0.7217,,,0.0002,value,CIAAW 2024,CIAAW 2024,g
37,Rb,rubidium,85Rb,87Rb,87,86.909180529,6e-09,2020,AME2020,0.2783,,,0.0002,value,CIAAW 2024,CIAAW 2024,
38,Sr,strontium,88Sr,84Sr,84,83.913419118,1.334e-06,2020,AME2020,0.0056,,,0.0002,value,CIAAW 2024,CIAAW 2024,g r
38,Sr,strontium,88Sr,86Sr,86,85.90926072473,5.63e-09,2020,AME2020,0.0986,,,0.002,value,CIAAW 2024,CIAAW 2024,
38,Sr,strontium,88Sr,87Sr,87,86.90887749454,5.5e-09,2020,AME2020,0.07,,,0.002,value,CIAAW 2024,CIAAW 2024,
38,Sr,strontium,88Sr,88Sr,88,87.905612253,6e-09,2020,AME2020,0.8258,,,0.0035,value,CIAAW 2024,CIAAW 2024,
39,Y,yttrium,89Y,89Y,89,88.905838156,3.63e-07,2020,AME2020,1.0,1.0,1.0,0.0,exact,CIAAW 2024,CIAAW 2024,
40,Zr,zirconium,90Zr,90Zr,90,89.904698755,1.26e-07,2020,AME2020,0.5147,,,0.0006000000000000001,value,CIAAW 2024,CIAAW 2024,g
40,Zr,zirconium,90Zr,91Zr,91,90.905640205,1.01e-07,2020,AME2020,0.1123,,,0.0006000000000000001,value,CIAAW 2024,CIAAW 2024,
40,Zr,zirconium,90Zr,92Zr,92,91.905035336,1.01e-07,2020,AME2020,0.1716,,,0.0004,value,CIAAW 2024,CIAAW 2024,
40,Zr,zirconium,90Zr,94Zr,94,93.906312523,1.75e-07,2020,AME2020,0.1736,,,0.0007,value,CIAAW 2024,CIAAW 2024,
40,Zr,zirconium,90Zr,96Zr,96,95.908277615,1.22e-07,2020,AME2020,0.0278,,,0.0004,value,CIAAW 2024,CIAAW 2024,
41,Nb,niobium,93Nb,93Nb,93,92.90637317,1.599e-06,2020,AME2020,1.0,1.0,1.0,0.0,exact,CIAAW 2024,CIAAW 2024,
42,Mo,molybdenum,98Mo,92Mo,92,91.906807153,1.68e-07,2020,AME2020,0.14649,,,0.0010600000000000002,value,CIAAW 2024,CIAAW 2024,g
42,Mo,molybdenum,98Mo,94Mo,94,93.905083586,1.51e-07,2020,AME2020,0.09187,,,0.00033000000000000005,value,CIAAW 2024,CIAAW 2024,
42,Mo,molybdenum,98Mo,95Mo,95,94.905837436,1.32e-07,2020,AME2020,0.15873,,,0.00030000000000000003,value,CIAAW 2024,CIAAW 2024,
42,Mo,molybdenum,98Mo,96Mo,96,95.90467477,1.28e-07,2020,AME2020,0.16673,,,8e-05,value,CIAAW 2024,CIAAW 2024,
42,Mo,molybdenum,98Mo,97Mo,97,96.906016903,1.76e-07,2020,AME2020,0.09582,,,0.00015000000000000001,value,CIAAW 2024,CIAAW 2024,
42,Mo,molybdenum,98Mo,98Mo,98,97.905403609,1.86e-07,2020,AME2020,0.24292,,,0.0008,value,CIAAW 2024,CIAAW 2024,
42,Mo,molybdenum,98Mo,100Mo,100,99.907467982,3.22e-07,2020,AME2020,0.09744,,,0.0006500000000000001,value,CIAAW 2024,CIAAW 2024,
43,Tc,technetium,97Tc,97Tc,97,96.90636072,4.42e-06,2020,AME2020,1.0,,,,radioactive,CIAAW 2024,CIAAW 2024,
44,Ru,ruthenium,102Ru,96Ru,96,95.90758891,1.82e-07,2020,AME2020,0.0554,,,0.0014,value,CIAAW 2024,CIAAW 2024,g
44,Ru,ruthenium,102Ru,98Ru,98,97.905286709,6.937e-06,2020,AME2020,0.0187,,,0.00030000000000000003,value,CIAAW 2024,CIAAW 2024,
44,Ru,ruthenium,102Ru,99Ru,99,98.905930284,3.68e-07,2020,AME2020,0.1276,,,0.0014,value,CIAAW 2024,CIAAW 2024,
44,Ru,ruthenium,102Ru,100Ru,100,99.90421046,3.67e-07,2020,AME2020,0.126,,,0.0007,value,CIAAW 2024,CIAAW 2024,
44,Ru,ruthenium,102Ru,101Ru,101,100.905573086,4.43e-07,2020,AME2020,0.1706,,,0.0002,value,CIAAW 2024,CIAAW 2024,
44,Ru,ruthenium,102Ru,102Ru,102,101.904340312,4.46e-07,2020,AME2020,0.3155,,,0.0014,value,CIAAW 2024,CIAAW 2024,
44,Ru,ruthenium,102Ru,104Ru,104,103.905425312,2.682e-06,2020,AME2020,0.1862,,,0.0027,value,CIAAW 2024,CIAAW 2024,
45,Rh,rhodium,103Rh,103Rh,103,102.905494081,2.47e-06,2020,AME2020,1.0,1.0,1.0,0.0,exact,CIAAW 2024,CIAAW 2024,
46,Pd,palladium,106Pd,102Pd,102,101.905632292,4.49e-07,2020,AME2020,0.0102,,,0.0001,value,CIAAW 2024,CIAAW 2024,g
46,Pd,palladium,106Pd,104Pd,104,103.904030393,1.434e-06,2020,AME2020,0.1114,,,0.0008,value,CIAAW 2024,CIAAW 2024,
46,Pd,palladium,106Pd,105Pd,105,104.905079479,1.222e-06,2020,AME2020,0.2233,,,0.0008,value,CIAAW 2024,CIAAW 2024,
46,Pd,palladium,106Pd,106Pd,106,105.903480287,1.186e-06,2020,AME2020,0.2733,,,0.00030000000000000003,value,CIAAW 2024,CIAAW 2024,
46,Pd,palladium,106Pd,108Pd,108,107.903891806,1.189e-06,2020,AME2020,0.2646,,,0.0009000000000000001,value,CIAAW 2024,CIAAW 2024,
46,Pd,palladium,106Pd,110Pd,110,109.905172878,6.57e-07,2020,AME2020,0.1172,,,0.0009000000000000001,value,CIAAW 2024,CIAAW 2024,
47,Ag,silver,107Ag,107Ag,107,106.905091509,2.556e-06,2020,AME2020,0.51839,,,8e-05,value,CIAAW 2024,CIAAW 2024,g
47,Ag,silver,107Ag,109Ag,109,108.904755778,1.381e-06,2020,AME2020,0.48161,,,8e-05,value,CIAAW 2024,CIAAW 2024,
48,Cd,cadmium,114Cd,106Cd,106,105.906459791,1.184e-06,2020,AME2020,0.012449999999999996,,,0.00022,value,CIAAW 2024,CIAAW 2024,g
48,Cd,cadmium,114Cd,108Cd,108,107.904183588,1.205e-06,2020,AME2020,0.008879999999999999,,,0.00011,value,CIAAW 2024,CIAAW 2024,
48,Cd,cadmium,114Cd,110Cd,110,109.90300747,4.07e-07,2020,AME2020,0.12469999999999998,,,0.0006100000000000001,value,CIAAW 2024,CIAAW 2024,
48,Cd,cadmium,114Cd,111Cd,111,110.904183776,3.83e-07,2020,AME2020,0.12794999999999998,,,0.00012000000000000002,value,CIAAW 2024,CIAAW 2024,
48,Cd,cadmium,114Cd,112Cd,112,111.902763896,2.68e-07,2020,AME2020,0.24108999999999994,,,7.000000000000001e-05,value,CIAAW 2024,CIAAW 2024,
48,Cd,cadmium,114Cd,113Cd,113,112.904408105,2.62e-07,2020,AME2020,0.12226999999999998,,,7.000000000000001e-05,value,CIAAW 2024,CIAAW 2024,
48,Cd,cadmium,114Cd,114Cd,114,113.903364998,2.96e-07,2020,AME2020,0.28753999999999996,,,0.0008100000000000001,value,CIAAW 2024,CIAAW 2024,
48,Cd,cadmium,114Cd,116Cd,116,115.90476323,1.72e-07,2020,AME2020,0.07511999999999999,,,0.00054,value,CIAAW 2024,CIAAW 2024,
49,In,indium,115In,113In,113,112.904060451,2.02e-07,2020,AME2020,0.04281,,,0.0005200000000000001,value,CIAAW 2024,CIAAW 2024,
49,In,indium,115In,115In,115,114.903878772,1.2e-08,2020,AME2020,0.95719,,,0.0005200000000000001,value,CIAAW 2024,CIAAW 2024,
50,Sn,tin,120Sn,112Sn,112,111.904824894,3.15e-07,2020,AME2020,0.009700000000000002,,,0.0001,value,CIAAW 2024,CIAAW 2024,g
50,Sn,tin,120Sn,114Sn,114,113.90278013,3.1e-08,2020,AME2020,0.006600000000000001,,,0.0001,value,CIAAW 2024,CIAAW 2024,
50,Sn,tin,120Sn,115Sn,115,114.903344695,1.6e-08,2020,AME2020,0.0034000000000000002,,,0.0001,value,CIAAW 2024,CIAAW 2024,
50,Sn,tin,120Sn,116Sn,116,115.901742825,1.03e-07,2020,AME2020,0.14540000000000003,,,0.0009000000000000001,value,CIAAW 2024,CIAAW 2024,
50,Sn,tin,120Sn,117Sn,117,116.902954036,5.18e-07,2020,AME2020,0.07680000000000001,,,0.0007,value,CIAAW 2024,CIAAW 2024,
50,Sn,tin,120Sn,118Sn,118,117.90160663,5.36e-07,2020,AME2020,0.24220000000000003,,,0.0009000000000000001,value,CIAAW 2024,CIAAW 2024,
50,Sn,tin,120Sn,119Sn,119,118.903311266,7.78e-07,2020,AME2020,0.08590000000000002,,,0.0004,value,CIAAW 2024,CIAAW 2024,
50,Sn,tin,120Sn,120Sn,120,119.902202557,9.87e-07,2020,AME2020,0.32580000000000003,,,0.0009000000000000001,value,CIAAW 2024,CIAAW 2024,
50,Sn,tin,120Sn,122Sn,122,121.903445494,2.627e-06,2020,AME2020,0.04630000000000001,,,0.00030000000000000003,value,CIAAW 2024,CIAAW 2024,
50,Sn,tin,120Sn,124Sn,124,123.905279619,1.41e-06,2020,AME2020,0.05790000000000001,,,0.0005,value,CIAAW 2024,CIAAW 2024,
51,Sb,antimony,121Sb,121Sb,121,120.903811353,2.69e-06,2020,AME2020,0.5721,,,0.0005,value,CIAAW 2024,CIAAW 2024,g
51,Sb,antimony,121Sb,123Sb,123,122.904215292,1.456e-06,2020,AME2020,0.4279,,,0.0005,value,CIAAW 2024,CIAAW 2024,
52,Te,tellurium,130Te,120Te,120,119.904065779,1.88e-06,2020,AME2020,0.0009,,,0.0001,value,CIAAW 2024,CIAAW 2024,g
52,Te,tellurium,130Te,122Te,122,121.903044708,1.456e-06,2020,AME2020,0.0255,,,0.0012000000000000001,value,CIAAW 2024,CIAAW 2024,
52,Te,tellurium,130Te,123Te,123,122.904271022,1.454e-06,2020,AME2020,0.0089,,,0.00030000000000000003,value,CIAAW 2024,CIAAW 2024,
52,Te,tellurium,130Te,124Te,124,123.902818341,1.451e-06,2020,AME2020,0.0474,,,0.0014,value,CIAAW 2024,CIAAW 2024,
52,Te,tellurium,130Te,125Te,125,124.904431178,1.451e-06,2020,AME2020,0.0707,,,0.0015,value,CIAAW 2024,CIAAW 2024,
52,Te,tellurium,130Te,126Te,126,125.903312144,1.453e-06,2020,AME2020,0.1884,,,0.0025,value,CIAAW 2024,CIAAW 2024,
52,Te,tellurium,130Te,128Te,128,127.904461237,7.58e-07,2020,AME2020,0.3174,,,0.0008,value,CIAAW 2024,CIAAW 2024,
52,Te,tellurium,130Te,130Te,130,129.906222745,1.1e-08,2020,AME2020,0.3408,,,0.006200000000000001,value,CIAAW 2024,CIAAW 2024,
53,I,iodine,127I,127I,127,126.904472592,3.887e-06,2020,AME2020,1.0,1.0,1.0,0.0,exact,CIAAW 2024,CIAAW 2024,
54,Xe,xenon,132Xe,124Xe,124,123.905885174,1.457e-06,2020,AME2020,0.00095,,,5e-05,value,CIAAW 2024,CIAAW 2024,g m
54,Xe,xenon,132Xe,126Xe,126,125.904297422,6e-09,2020,AME2020,0.00089,,,3.0000000000000004e-05,value,CIAAW 2024,CIAAW 2024,
54,Xe,xenon,132Xe,128Xe,128,127.90353075341,5.58e-09,2020,AME2020,0.0191,,,0.00013000000000000002,value,CIAAW 2024,CIAAW 2024,
54,Xe,xenon,132Xe,129Xe,129,128.90478085742,5.42e-09,2020,AME2020,0.26401,,,0.0013800000000000002,value,CIAAW 2024,CIAAW 2024,
54,Xe,xenon,132Xe,130Xe,130,129.903509346,1e-08,2020,AME2020,0.04071,,,0.00022,value,CIAAW 2024,CIAAW 2024,
54,Xe,xenon,132Xe,131Xe,131,130.90508412808,5.49e-09,2020,AME2020,0.21232,,,0.00051,value,CIAAW 2024,CIAAW 2024,
54,Xe,xenon,132Xe,132Xe,132,131.90415508346,5.44e-09,2020,AME2020,0.26909,,,0.00055,value,CIAAW 2024,CIAAW 2024,
54,Xe,xenon,132Xe,134Xe,134,133.90539303,6e-09,2020,AME2020,0.10436,,,0.00035000000000000005,value,CIAAW 2024,CIAAW 2024,
54,Xe,xenon,132Xe,136Xe,136,135.907214474,7e-09,2020,AME2020,0.08857,,,0.00072,value,CIAAW 2024,CIAAW 2024,
55,Cs,caesium,133Cs,133Cs,133,132.905451958,8e-09,2020,AME2020,1.0,1.0,1.0,0.0,exact,CIAAW 2024,CIAAW 2024,
56,Ba,barium,138Ba,130Ba,130,129.906326002,3.08e-07,2020,AME2020,0.0011,,,0.0001,value,CIAAW 2024,CIAAW 2024,
56,Ba,barium,138Ba,132Ba,132,131.905061231,1.13e-06,2020,AME2020,0.001,,,0.0001,value,CIAAW 2024,CIAAW 2024,
56,Ba,barium,138Ba,134Ba,134,133.904508249,2.69e-07,2020,AME2020,0.0242,,,0.0015,value,CIAAW 2024,CIAAW 2024,
56,Ba,barium,138Ba,135Ba,135,134.905688447,2.63e-07,2020,AME2020,0.0659,,,0.001,value,CIAAW 2024,CIAAW 2024,
56,Ba,barium,138Ba,136Ba,136,135.9045758,2.62e-07,2020,AME2020,0.0785,,,0.0024000000000000002,value,CIAAW 2024,CIAAW 2024,
56,Ba,barium,138Ba,137Ba,137,136.905827207,2.66e-07,2020,AME2020,0.1123,,,0.0023,value,CIAAW 2024,CIAAW 2024,
56,Ba,barium,138Ba,138Ba,138,137.905247059,2.67e-07,2020,AME2020,0.717,,,0.0029000000000000002,value,CIAAW 2024,CIAAW 2024,
57,La,lanthanum,139La,138La,138,137.907124041,4.46e-07,2020,AME2020,0.0008881,,,7.1e-06,value,CIAAW 2024,CIAAW 2024,g
57,La,lanthanum,139La,139La,139,138.906362927,6.51e-07,2020,AME2020,0.9991119,,,7.1e-06,value,CIAAW 2024,CIAAW 2024,
58,Ce,cerium,140Ce,136Ce,136,135.907129256,3.48e-07,2020,AME2020,0.00185,,,2e-05,value,CIAAW 2024,CIAAW 2024,g
58,Ce,cerium,140Ce,138Ce,138,137.90599418,5.36e-07,2020,AME2020,0.00251,,,2e-05,value,CIAAW 2024,CIAAW 2024,
58,Ce,cerium,140Ce,140Ce,140,139.905448433,1.409e-06,2020,AME2020,0.8845,,,0.00051,value,CIAAW 2024,CIAAW 2024,
58,Ce,cerium,140Ce,142Ce,142,141.909250208,2.623e-06,2020,AME2020,0.11114,,,0.00051,value,CIAAW 2024,CIAAW 2024,
59,Pr,praseodymium,141Pr,141Pr,141,140.907659604,1.607e-06,2020,AME2020,1.0,1.0,1.0,0.0,exact,CIAAW 2024,CIAAW 2024,
60,Nd,neodymium,142Nd,142Nd,142,141.907728824,1.348e-06,2020,AME2020,0.27152000000000004,,,0.0004,value,CIAAW 2024,CIAAW 2024,g
60,Nd,neodymium,142Nd,143Nd,143,142.909819815,1.347e-06,2020,AME2020,0.12174000000000001,,,0.00026000000000000003,value,CIAAW 2024,CIAAW 2024,
60,Nd,neodymium,142Nd,144Nd,144,143.910092798,1.346e-06,2020,AME2020,0.23798000000000002,,,0.00019,value,CIAAW 2024,CIAAW 2024,
60,Nd,neodymium,142Nd,145Nd,145,144.912579151,1.364e-06,2020,AME2020,0.08293000000000002,,,0.00012000000000000002,value,CIAAW 2024,CIAAW 2024,
60,Nd,neodymium,142Nd,146Nd,146,145.913122459,1.366e-06,2020,AME2020,0.17189000000000002,,,0.00032,value,CIAAW 2024,CIAAW 2024,
60,Nd,neodymium,142Nd,148Nd,148,147.916899027,2.203e-06,2020,AME2020,0.05756000000000001,,,0.00021,value,CIAAW 2024,CIAAW 2024,
60,Nd,neodymium,142Nd,150Nd,150,149.920901322,1.211e-06,2020,AME2020,0.056380000000000006,,,0.00028000000000000003,value,CIAAW 2024,CIAAW 2024,
61,Pm,promethium,145Pm,145Pm,145,144.912755748,3.011e-06,2020,AME2020,1.0,,,,radioactive,CIAAW 2024,CIAAW 2024,
62,Sm,samarium,152Sm,144Sm,144,143.912006285,1.566e-06,2020,AME2020,0.0308,,,0.0004,value,CIAAW 2024,CIAAW 2024,g
62,Sm,samarium,152Sm,147Sm,147,146.914904401,1.354e-06,2020,AME2020,0.15,,,0.0014,value,CIAAW 2024,CIAAW 2024,
62,Sm,samarium,152Sm,148Sm,148,147.914829233,1.337e-06,2020,AME2020,0.1125,,,0.0009000000000000001,value,CIAAW 2024,CIAAW 2024,
62,Sm,samarium,152Sm,149Sm,149,148.917191211,1.241e-06,2020,AME2020,0.1382,,,0.001,value,CIAAW 2024,CIAAW 2024,
62,Sm,samarium,152Sm,150Sm,150,149.917281993,1.193e-06,2020,AME2020,0.0737,,,0.0009000000000000001,value,CIAAW 2024,CIAAW 2024,
62,Sm,samarium,152Sm,152Sm,152,151.919738646,1.09e-06,2020,AME2020,0.2674,,,0.0009000000000000001,value,CIAAW 2024,CIAAW 2024,
62,Sm,samarium,152Sm,154Sm,154,153.922215756,1.4e-06,2020,AME2020,0.2274,,,0.0014,value,CIAAW 2024,CIAAW 2024,
63,Eu,europium,153Eu,151Eu,151,150.919856606,1.251e-06,2020,AME2020,0.4781,,,0.0006000000000000001,value,CIAAW 2024,CIAAW 2024,g
63,Eu,europium,153Eu,153Eu,153,152.921236789,1.257e-06,2020,AME2020,0.5219,,,0.0006000000000000001,value,CIAAW 2024,CIAAW 2024,
64,Gd,gadolinium,158Gd,152Gd,152,151.919798414,1.081e-06,2020,AME2020,0.00204,,,2e-05,value,CIAAW 2024,CIAAW 2024,g
64,Gd,gadolinium,158Gd,154Gd,154,153.920872974,1.066e-06,2020,AME2020,0.02187,,,9e-05,value,CIAAW 2024,CIAAW 2024,
64,Gd,gadolinium,158Gd,155Gd,155,154.922629356,1.055e-06,2020,AME2020,0.14828,,,0.0006000000000000001,value,CIAAW 2024,CIAAW 2024,
64,Gd,gadolinium,158Gd,156Gd,156,155.92213012,1.054e-06,2020,AME2020,0.20493,,,0.00022,value,CIAAW 2024,CIAAW 2024,
64,Gd,gadolinium,158Gd,157Gd,157,156.923967424,1.048e-06,2020,AME2020,0.15657,,,0.00017,value,CIAAW 2024,CIAAW 2024,
64,Gd,gadolinium,158Gd,158Gd,158,157.9241112,1.048e-06,2020,AME2020,0.2482,,,0.0002,value,CIAAW 2024,CIAAW 2024,
64,Gd,gadolinium,158Gd,160Gd,160,159.927061202,1.206e-06,2020,AME2020,0.21811,,,0.00028000000000000003,value,CIAAW 2024,CIAAW 2024,
65,Tb,terbium,159Tb,159Tb,159,158.925353707,1.184e-06,2020,AME2020,1.0,1.0,1.0,0.0,exact,CIAAW 2024,CIAAW 2024,
66,Dy,dysprosium,164Dy,156Dy,156,155.924283593,1.06e-06,2020,AME2020,0.00056,,,3.0000000000000004e-05,value,CIAAW 2024,CIAAW 2024,g
66,Dy,dysprosium,164Dy,158Dy,158,157.924414817,2.509e-06,2020,AME2020,0.00095,,,3.0000000000000004e-05,value,CIAAW 2024,CIAAW 2024,
66,Dy,dysprosium,164Dy,160Dy,160,159.925203578,7.51e-07,2020,AME2020,0.02329,,,0.00018,value,CIAAW 2024,CIAAW 2024,
66,Dy,dysprosium,164Dy,161Dy,161,160.926939425,7.48e-07,2020,AME2020,0.18889,,,0.00042,value,CIAAW 2024,CIAAW 2024,
66,Dy,dysprosium,164Dy,162Dy,162,161.926804507,7.46e-07,2020,AME2020,0.25475,,,0.00036,value,CIAAW 2024,CIAAW 2024,
66,Dy,dysprosium,164Dy,163Dy,163,162.928737221,7.44e-07,2020,AME2020,0.24896,,,0.00042,value,CIAAW 2024,CIAAW 2024,
66,Dy,dysprosium,164Dy,164Dy,164,163.929180819,7.46e-07,2020,AME2020,0.2826,,,0.00054,value,CIAAW 2024,CIAAW 2024,
67,Ho,holmium,165Ho,165Ho,165,164.930329116,8.44e-07,2020,AME2020,1.0,1.0,1.0,0.0,exact,CIAAW 2024,CIAAW 2024,
68,Er,erbium,166Er,162Er,162,161.928787299,8.11e-07,2020,AME2020,0.00139,,,5e-05,value,CIAAW 2024,CIAAW 2024,g
68,Er,erbium,166Er,164Er,164,163.929207739,7.55e-07,2020,AME2020,0.01601,,,3.0000000000000004e-05,value,CIAAW 2024,CIAAW 2024,
68,Er,erbium,166Er,166Er,166,165.930301067,3.58e-07,2020,AME2020,0.33503,,,0.00036,value,CIAAW 2024,CIAAW 2024,
68,Er,erbium,166Er,167Er,167,166.932056192,3.06e-07,2020,AME2020,0.22869,,,9e-05,value,CIAAW 2024,CIAAW 2024,
68,Er,erbium,166Er,168Er,168,167.932378282,2.8e-07,2020,AME2020,0.26978,,,0.00018,value,CIAAW 2024,CIAAW 2024,
68,Er,erbium,166Er,170Er,170,169.935471933,1.488e-06,2020,AME2020,0.1491,,,0.00036,value,CIAAW 2024,CIAAW 2024,
69,Tm,thulium,169Tm,169Tm,169,168.934218956,7.92e-07,2020,AME2020,1.0,1.0,1.0,0.0,exact,CIAAW 2024,CIAAW 2024,
70,Yb,ytterbium,174Yb,168Yb,168,167.933891297,1e-07,2020,AME2020,0.00126,,,1e-05,value,CIAAW 2024,CIAAW 2024,g
70,Yb,ytterbium,174Yb,170Yb,170,169.934767242,1.1e-08,2020,AME2020,0.03023,,,2e-05,value,CIAAW 2024,CIAAW 2024,
70,Yb,ytterbium,174Yb,171Yb,171,170.936331515,1.3e-08,2020,AME2020,0.14216,,,7.000000000000001e-05,value,CIAAW 2024,CIAAW 2024,
70,Yb,ytterbium,174Yb,172Yb,172,171.936386654,1.4e-08,2020,AME2020,0.21754,,,0.0001,value,CIAAW 2024,CIAAW 2024,
70,Yb,ytterbium,174Yb,173Yb,173,172.938216211,1.2e-08,2020,AME2020,0.16098,,,9e-05,value,CIAAW 2024,CIAAW 2024,
70,Yb,ytterbium,174Yb,174Yb,174,173.938867545,1.1e-08,2020,AME2020,0.31896,,,0.00026000000000000003,value,CIAAW 2024,CIAAW 2024,
70,Yb,ytterbium,174Yb,176Yb,176,175.942574706,1.5e-08,2020,AME2020,0.12887,,,0.00030000000000000003,value,CIAAW 2024,CIAAW 2024,
71,Lu,lutetium,175Lu,175Lu,175,174.940777211,1.295e-06,2020,AME2020,0.97414,,,5e-05,value,CIAAW 2024,CIAAW 2024,g
71,Lu,lutetium,175Lu,176Lu,176,175.942691711,1.301e-06,2020,AME2020,0.02586,,,5e-05,value,CIAAW 2024,CIAAW 2024,
72,Hf,hafnium,180Hf,174Hf,174,173.940048377,2.425e-06,2020,AME2020,0.0016098229194788573,,,2e-05,value,CIAAW 2024,CIAAW 2024,g
72,Hf,hafnium,180Hf,176Hf,176,175.941409797,1.591e-06,2020,AME2020,0.05239423663397026,,,0.0014,value,CIAAW 2024,CIAAW 2024,
72,Hf,hafnium,180Hf,177Hf,177,176.943230187,1.514e-06,2020,AME2020,0.1857795642479327,,,0.0009000000000000001,value,CIAAW 2024,CIAAW 2024,
72,Hf,hafnium,180Hf,178Hf,178,177.943708322,1.519e-06,2020,AME2020,0.27276999530051693,,,0.0006000000000000001,value,CIAAW 2024,CIAAW 2024,
72,Hf,hafnium,180Hf,179Hf,179,178.945825705,1.52e-06,2020,AME2020,0.1362850086490486,,,0.00030000000000000003,value,CIAAW 2024,CIAAW 2024,
72,Hf,hafnium,180Hf,180Hf,180,179.946559537,1.525e-06,2020,AME2020,0.3511613722490526,,,0.0016,value,CIAAW 2024,CIAAW 2024,
73,Ta,tantalum,181Ta,180Ta,180,179.947467589,2.219e-06,2020,AME2020,0.0001176,,,2.3e-06,value,CIAAW 2024,CIAAW 2024,
73,Ta,tantalum,181Ta,181Ta,181,180.947998528,1.692e-06,2020,AME2020,0.9998824,,,2.3e-06,value,CIAAW 2024,CIAAW 2024,
74,W,tungsten,184W,180W,180,179.946713304,1.545e-06,2020,AME2020,0.0012,,,0.0001,value,CIAAW 2024,CIAAW 2024,
74,W,tungsten,184W,182W,182,181.948205636,7.99e-07,2020,AME2020,0.265,,,0.0016,value,CIAAW 2024,CIAAW 2024,
74,W,tungsten,184W,183W,183,182.950224416,7.98e-07,2020,AME2020,0.1431,,,0.0004,value,CIAAW 2024,CIAAW 2024,
74,W,tungsten,184W,184W,184,183.95093318,7.92e-07,2020,AME2020,0.3064,,,0.0002,value,CIAAW 2024,CIAAW 2024,
74,W,tungsten,184W,186W,186,185.95436514,1.302e-06,2020,AME2020,0.2843,,,0.0019,value,CIAAW 2024,CIAAW 2024,
75,Re,rhenium,187Re,185Re,185,184.95295832,8.79e-07,2020,AME2020,0.374,,,0.0005,value,CIAAW 2024,CIAAW 2024,
75,Re,rhenium,187Re,187Re,187,186.955752217,7.91e-07,2020,AME2020,0.626,,,0.0005,value,CIAAW 2024,CIAAW 2024,
76,Os,osmium,192Os,184Os,184,183.952492919,8.9e-07,2020,AME2020,0.0002,,,0.0002,value,CIAAW 2024,CIAAW 2024,g
76,Os,osmium,192Os,186Os,186,185.953837569,8.16e-07,2020,AME2020,0.0159,,,0.0064,value,CIAAW 2024,CIAAW 2024,
76,Os,osmium,192Os,187Os,187,186.955749569,7.91e-07,2020,AME2020,0.0196,,,0.0017000000000000001,value,CIAAW 2024,CIAAW 2024,
76,Os,osmium,192Os,188Os,188,187.955837292,7.88e-07,2020,AME2020,0.1324,,,0.0027,value,CIAAW 2024,CIAAW 2024,
76,Os,osmium,192Os,189Os,189,188.958145949,7.15e-07,2020,AME2020,0.1615,,,0.0023,value,CIAAW 2024,CIAAW 2024,
76,Os,osmium,192Os,190Os,190,189.958445442,6.97e-07,2020,AME2020,0.2626,,,0.002,value,CIAAW 2024,CIAAW 2024,
76,Os,osmium,192Os,192Os,192,191.961478765,2.484e-06,2020,AME2020,0.4078,,,0.0032,value,CIAAW 2024,CIAAW 2024,
77,Ir,iridium,193Ir,191Ir,191,190.960591455,1.406e-06,2020,AME2020,0.3723,,,0.0009000000000000001,value,CIAAW 2024,CIAAW 2024,
77,Ir,iridium,193Ir,193Ir,193,192.962923753,1.425e-06,2020,AME2020,0.6277,,,0.0009000000000000001,value,CIAAW 2024,CIAAW 2024,
78,Pt,platinum,195Pt,190Pt,190,189.959949823,7.05e-07,2020,AME2020,0.00012000000000000002,,,2e-05,value,CIAAW 2024,CIAAW 2024,
78,Pt,platinum,195Pt,192Pt,192,191.961042667,2.758e-06,2020,AME2020,0.007820000000000002,,,0.00024000000000000003,value,CIAAW 2024,CIAAW 2024,
78,Pt,platinum,195Pt,194Pt,194,193.962683498,5.32e-07,2020,AME2020,0.32864000000000004,,,0.0041,value,CIAAW 2024,CIAAW 2024,
78,Pt,platinum,195Pt,195Pt,195,194.964794325,5.4e-07,2020,AME2020,0.33775000000000005,,,0.0024000000000000002,value,CIAAW 2024,CIAAW 2024,
78,Pt,platinum,195Pt,196Pt,196,195.964954648,5.47e-07,2020,AME2020,0.25211000000000006,,,0.0034000000000000002,value,CIAAW 2024,CIAAW 2024,
78,Pt,platinum,195Pt,198Pt,198,197.967896718,2.254e-06,2020,AME2020,0.07356000000000001,,,0.0013000000000000002,value,CIAAW 2024,CIAAW 2024,
79,Au,gold,197Au,197Au,197,196.966570103,5.81e-07,2020,AME2020,1.0,1.0,1.0,0.0,exact,CIAAW 2024,CIAAW 2024,
80,Hg,mercury,202Hg,196Hg,196,195.965833445,3.163e-06,2020,AME2020,0.0015,,,0.0001,value,CIAAW 2024,CIAAW 2024,
80,Hg,mercury,202Hg,198Hg,198,197.966769177,4.91e-07,2020,AME2020,0.1004,,,0.00030000000000000003,value,CIAAW 2024,CIAAW 2024,
80,Hg,mercury,202Hg,199Hg,199,198.968280994,5.64e-07,2020,AME2020,0.1694,,,0.0012000000000000001,value,CIAAW 2024,CIAAW 2024,
80,Hg,mercury,202Hg,200Hg,200,199.968326941,5.68e-07,2020,AME2020,0.2314,,,0.0009000000000000001,value,CIAAW 2024,CIAAW 2024,
80,Hg,mercury,202Hg,201Hg,201,200.970303054,7.63e-07,2020,AME2020,0.1317,,,0.0009000000000000001,value,CIAAW 2024,CIAAW 2024,
80,Hg,mercury,202Hg,202Hg,202,201.970643604,7.57e-07,2020,AME2020,0.2974,,,0.0013000000000000002,value,CIAAW 2024,CIAAW 2024,
80,Hg,mercury,202Hg,204Hg,204,203.973494037,5.34e-07,2020,AME2020,0.0682,,,0.0004,value,CIAAW 2024,CIAAW 2024,
81,Tl,thallium,205Tl,203Tl,203,202.972344098,1.257e-06,2020,AME2020,0.29524,0.2944,0.2959,,interval,CIAAW 2024,CIAAW 2024,
81,Tl,thallium,205Tl,205Tl,205,204.974427318,1.33e-06,2020,AME2020,0.70476,0.7041,0.7056,,interval,CIAAW 2024,CIAAW 2024,
82,Pb,lead,208Pb,204Pb,204,203.973043506,1.231e-06,2020,AME2020,0.014244999999999902,0.0,0.0158,,interval,CIAAW 2024,CIAAW 2024,
82,Pb,lead,208Pb,206Pb,206,205.97446521,1.228e-06,2020,AME2020,0.24144699999999994,0.019,0.8673,,interval,CIAAW 2024,CIAAW 2024,
82,Pb,lead,208Pb,207Pb,207,206.975896821,1.231e-06,2020,AME2020,0.22082700000000002,0.0035,0.2351,,interval,CIAAW 2024,CIAAW 2024,
82,Pb,lead,208Pb,208Pb,208,207.976652005,1.232e-06,2020,AME2020,0.5234810000000002,0.0338,0.9775,,interval,CIAAW 2024,CIAAW 2024,
83,Bi,bismuth,209Bi,209Bi,209,208.980398599,1.465e-06,2020,AME2020,1.0,1.0,1.0,0.0,exact,CIAAW 2024,CIAAW 2024,
84,Po,polonium,209Po,209Po,209,208.982430361,1.909e-06,2020,AME2020,1.0,,,,radioactive,CIAAW 2024,CIAAW 2024,
85,At,astatine,210At,210At,210,209.987147423,8.261e-06,2020,AME2020,1.0,,,,radioactive,CIAAW 2024,CIAAW 2024,
86,Rn,radon,222Rn,222Rn,222,222.017576017,2.086e-06,2020,AME2020,1.0,,,,radioactive,CIAAW 2024,CIAAW 2024,
87,Fr,francium,223Fr,223Fr,223,223.019734241,2.073e-06,2020,AME2020,1.0,,,,radioactive,CIAAW 2024,CIAAW 2024,
88,Ra,radium,226Ra,226Ra,226,226.025408186,2.068e-06,2020,AME2020,1.0,,,,radioactive,CIAAW 2024,CIAAW 2024,
89,Ac,actinium,227Ac,227Ac,227,227.027750594,2.068e-06,2020,AME2020,1.0,,,,radioactive,CIAAW 2024,CIAAW 2024,
90,Th,thorium,232Th,230Th,230,230.033132267,1.297e-06,2020,AME2020,0.0002,,,0.0002,value,CIAAW 2024,CIAAW 2024,g
90,Th,thorium,232Th,232Th,232,232.038053606,1.525e-06,2020,AME2020,0.9998,,,0.0002,value,CIAAW 2024,CIAAW 2024,
91,Pa,protactinium,231Pa,231Pa,231,231.0358825,1.901e-06,2020,AME2020,1.0,1.0,1.0,0.0,exact,CIAAW 2024,CIAAW 2024,
92,U,uranium,238U,234U,234,234.040950296,1.212e-06,2020,AME2020,5.4e-05,,,4.9999999999999996e-06,value,CIAAW 2024,CIAAW 2024,g m
92,U,uranium,238U,235U,235,235.043928117,1.198e-06,2020,AME2020,0.007204,,,6e-06,value,CIAAW 2024,CIAAW 2024,
92,U,uranium,238U,238U,238,238.050786936,1.601e-06,2020,AME2020,0.992742,,,9.999999999999999e-06,value,CIAAW 2024,CIAAW 2024,
